<?xml version="1.0" encoding="UTF-8" ?>
<!-- This is a WordPress eXtended RSS file generated by WordPress as an export of your site. -->
<!-- It contains information about your site's posts, pages, comments, categories, and other content. -->
<!-- You may use this file to transfer that content from one site to another. -->
<!-- This file is not intended to serve as a complete backup of your site. -->

<!-- To import this information into a WordPress site follow these steps: -->
<!-- 1. Log in to that site as an administrator. -->
<!-- 2. Go to Tools: Import in the WordPress admin panel. -->
<!-- 3. Install the "WordPress" importer from the list. -->
<!-- 4. Activate & Run Importer. -->
<!-- 5. Upload this file using the form provided on that page. -->
<!-- 6. You will first be asked to map the authors in this export file to users -->
<!--    on the site. For each author, you may choose to map to an -->
<!--    existing user on the site or to create a new user. -->
<!-- 7. WordPress will then import each of the posts, pages, comments, categories, etc. -->
<!--    contained in this file into your site. -->

<!-- generator="WordPress/4.9.8" created="2018-11-20 14:50" -->
<rss version="2.0"
	xmlns:excerpt="http://wordpress.org/export/1.2/excerpt/"
	xmlns:content="http://purl.org/rss/1.0/modules/content/"
	xmlns:wfw="http://wellformedweb.org/CommentAPI/"
	xmlns:dc="http://purl.org/dc/elements/1.1/"
	xmlns:wp="http://wordpress.org/export/1.2/"
>

<channel>
	<title>Ryan - vCard / Resume / CV</title>
	<link>https://ryan-demo.beshley.com</link>
	<description>Just another WordPress site</description>
	<pubDate>Tue, 20 Nov 2018 14:50:50 +0000</pubDate>
	<language>en-US</language>
	<wp:wxr_version>1.2</wp:wxr_version>
	<wp:base_site_url>https://ryan-demo.beshley.com</wp:base_site_url>
	<wp:base_blog_url>https://ryan-demo.beshley.com</wp:base_blog_url>

	<wp:author><wp:author_id>1</wp:author_id><wp:author_login><![CDATA[admin]]></wp:author_login><wp:author_email><![CDATA[beshleyua@gmail.com]]></wp:author_email><wp:author_display_name><![CDATA[admin]]></wp:author_display_name><wp:author_first_name><![CDATA[]]></wp:author_first_name><wp:author_last_name><![CDATA[]]></wp:author_last_name></wp:author>

	<generator>https://wordpress.org/?v=4.9.8</generator>

	<item>
		<title>profile</title>
		<link>https://ryan-demo.beshley.com/profile/</link>
		<pubDate>Mon, 19 Nov 2018 12:02:33 +0000</pubDate>
		<dc:creator><![CDATA[admin]]></dc:creator>
		<guid isPermaLink="false">https://ryan-demo.beshley.com/wp-content/uploads/2018/11/profile.jpg</guid>
		<description></description>
		<content:encoded><![CDATA[]]></content:encoded>
		<excerpt:encoded><![CDATA[]]></excerpt:encoded>
		<wp:post_id>164</wp:post_id>
		<wp:post_date><![CDATA[2018-11-19 12:02:33]]></wp:post_date>
		<wp:post_date_gmt><![CDATA[2018-11-19 12:02:33]]></wp:post_date_gmt>
		<wp:comment_status><![CDATA[open]]></wp:comment_status>
		<wp:ping_status><![CDATA[closed]]></wp:ping_status>
		<wp:post_name><![CDATA[profile]]></wp:post_name>
		<wp:status><![CDATA[inherit]]></wp:status>
		<wp:post_parent>0</wp:post_parent>
		<wp:menu_order>0</wp:menu_order>
		<wp:post_type><![CDATA[attachment]]></wp:post_type>
		<wp:post_password><![CDATA[]]></wp:post_password>
		<wp:is_sticky>0</wp:is_sticky>
		<wp:attachment_url><![CDATA[https://ryan-demo.beshley.com/wp-content/uploads/2018/11/profile.jpg]]></wp:attachment_url>
		<wp:postmeta>
			<wp:meta_key><![CDATA[_wp_attached_file]]></wp:meta_key>
			<wp:meta_value><![CDATA[2018/11/profile.jpg]]></wp:meta_value>
		</wp:postmeta>
		<wp:postmeta>
			<wp:meta_key><![CDATA[_wp_attachment_metadata]]></wp:meta_key>
			<wp:meta_value><![CDATA[a:5:{s:5:"width";i:140;s:6:"height";i:140;s:4:"file";s:19:"2018/11/profile.jpg";s:5:"sizes";a:1:{s:12:"ryancv_92x92";a:4:{s:4:"file";s:17:"profile-92x92.jpg";s:5:"width";i:92;s:6:"height";i:92;s:9:"mime-type";s:10:"image/jpeg";}}s:10:"image_meta";a:12:{s:8:"aperture";s:1:"0";s:6:"credit";s:0:"";s:6:"camera";s:0:"";s:7:"caption";s:0:"";s:17:"created_timestamp";s:1:"0";s:9:"copyright";s:0:"";s:12:"focal_length";s:1:"0";s:3:"iso";s:1:"0";s:13:"shutter_speed";s:1:"0";s:5:"title";s:0:"";s:11:"orientation";s:1:"0";s:8:"keywords";a:0:{}}}]]></wp:meta_value>
		</wp:postmeta>
	</item>
	<item>
		<title>profile</title>
		<link>https://ryan-demo.beshley.com/profile-2/</link>
		<pubDate>Thu, 22 Nov 2018 12:24:36 +0000</pubDate>
		<dc:creator><![CDATA[admin]]></dc:creator>
		<guid isPermaLink="false">https://ryan-demo.beshley.com/wp-content/uploads/2018/11/profile.png</guid>
		<description></description>
		<content:encoded><![CDATA[]]></content:encoded>
		<excerpt:encoded><![CDATA[]]></excerpt:encoded>
		<wp:post_id>359</wp:post_id>
		<wp:post_date><![CDATA[2018-11-22 12:24:36]]></wp:post_date>
		<wp:post_date_gmt><![CDATA[2018-11-22 12:24:36]]></wp:post_date_gmt>
		<wp:comment_status><![CDATA[open]]></wp:comment_status>
		<wp:ping_status><![CDATA[closed]]></wp:ping_status>
		<wp:post_name><![CDATA[profile-2]]></wp:post_name>
		<wp:status><![CDATA[inherit]]></wp:status>
		<wp:post_parent>0</wp:post_parent>
		<wp:menu_order>0</wp:menu_order>
		<wp:post_type><![CDATA[attachment]]></wp:post_type>
		<wp:post_password><![CDATA[]]></wp:post_password>
		<wp:is_sticky>0</wp:is_sticky>
		<wp:attachment_url><![CDATA[https://ryan-demo.beshley.com/wp-content/uploads/2018/11/profile.png]]></wp:attachment_url>
		<wp:postmeta>
			<wp:meta_key><![CDATA[_wp_attached_file]]></wp:meta_key>
			<wp:meta_value><![CDATA[2018/11/profile.png]]></wp:meta_value>
		</wp:postmeta>
		<wp:postmeta>
			<wp:meta_key><![CDATA[_wp_attachment_metadata]]></wp:meta_key>
			<wp:meta_value><![CDATA[a:5:{s:5:"width";i:172;s:6:"height";i:172;s:4:"file";s:19:"2018/11/profile.png";s:5:"sizes";a:3:{s:9:"thumbnail";a:4:{s:4:"file";s:19:"profile-150x150.png";s:5:"width";i:150;s:6:"height";i:150;s:9:"mime-type";s:9:"image/png";}s:12:"ryancv_92x92";a:4:{s:4:"file";s:17:"profile-92x92.png";s:5:"width";i:92;s:6:"height";i:92;s:9:"mime-type";s:9:"image/png";}s:14:"ryancv_140x140";a:4:{s:4:"file";s:19:"profile-140x140.png";s:5:"width";i:140;s:6:"height";i:140;s:9:"mime-type";s:9:"image/png";}}s:10:"image_meta";a:12:{s:8:"aperture";s:1:"0";s:6:"credit";s:0:"";s:6:"camera";s:0:"";s:7:"caption";s:0:"";s:17:"created_timestamp";s:1:"0";s:9:"copyright";s:0:"";s:12:"focal_length";s:1:"0";s:3:"iso";s:1:"0";s:13:"shutter_speed";s:1:"0";s:5:"title";s:0:"";s:11:"orientation";s:1:"0";s:8:"keywords";a:0:{}}}]]></wp:meta_value>
		</wp:postmeta>
	</item>
	<item>
		<title>man5_big</title>
		<link>https://ryan-demo.beshley.com/man5_big/</link>
		<pubDate>Mon, 19 Nov 2018 12:02:35 +0000</pubDate>
		<dc:creator><![CDATA[admin]]></dc:creator>
		<guid isPermaLink="false">https://ryan-demo.beshley.com/wp-content/uploads/2018/11/man5_big.jpg</guid>
		<description></description>
		<content:encoded><![CDATA[]]></content:encoded>
		<excerpt:encoded><![CDATA[]]></excerpt:encoded>
		<wp:post_id>165</wp:post_id>
		<wp:post_date><![CDATA[2018-11-19 12:02:35]]></wp:post_date>
		<wp:post_date_gmt><![CDATA[2018-11-19 12:02:35]]></wp:post_date_gmt>
		<wp:comment_status><![CDATA[open]]></wp:comment_status>
		<wp:ping_status><![CDATA[closed]]></wp:ping_status>
		<wp:post_name><![CDATA[man5_big]]></wp:post_name>
		<wp:status><![CDATA[inherit]]></wp:status>
		<wp:post_parent>0</wp:post_parent>
		<wp:menu_order>0</wp:menu_order>
		<wp:post_type><![CDATA[attachment]]></wp:post_type>
		<wp:post_password><![CDATA[]]></wp:post_password>
		<wp:is_sticky>0</wp:is_sticky>
		<wp:attachment_url><![CDATA[https://ryan-demo.beshley.com/wp-content/uploads/2018/11/man5_big.jpg]]></wp:attachment_url>
		<wp:postmeta>
			<wp:meta_key><![CDATA[_wp_attached_file]]></wp:meta_key>
			<wp:meta_value><![CDATA[2018/11/man5_big.jpg]]></wp:meta_value>
		</wp:postmeta>
		<wp:postmeta>
			<wp:meta_key><![CDATA[_wp_attachment_metadata]]></wp:meta_key>
			<wp:meta_value><![CDATA[a:5:{s:5:"width";i:960;s:6:"height";i:640;s:4:"file";s:20:"2018/11/man5_big.jpg";s:5:"sizes";a:9:{s:9:"thumbnail";a:4:{s:4:"file";s:20:"man5_big-150x150.jpg";s:5:"width";i:150;s:6:"height";i:150;s:9:"mime-type";s:10:"image/jpeg";}s:6:"medium";a:4:{s:4:"file";s:20:"man5_big-300x200.jpg";s:5:"width";i:300;s:6:"height";i:200;s:9:"mime-type";s:10:"image/jpeg";}s:12:"medium_large";a:4:{s:4:"file";s:20:"man5_big-768x512.jpg";s:5:"width";i:768;s:6:"height";i:512;s:9:"mime-type";s:10:"image/jpeg";}s:12:"ryancv_92x92";a:4:{s:4:"file";s:18:"man5_big-92x92.jpg";s:5:"width";i:92;s:6:"height";i:92;s:9:"mime-type";s:10:"image/jpeg";}s:14:"ryancv_140x140";a:4:{s:4:"file";s:20:"man5_big-140x140.jpg";s:5:"width";i:140;s:6:"height";i:140;s:9:"mime-type";s:10:"image/jpeg";}s:14:"ryancv_600x450";a:4:{s:4:"file";s:20:"man5_big-600x450.jpg";s:5:"width";i:600;s:6:"height";i:450;s:9:"mime-type";s:10:"image/jpeg";}s:15:"ryancv_600xauto";a:4:{s:4:"file";s:20:"man5_big-600x640.jpg";s:5:"width";i:600;s:6:"height";i:640;s:9:"mime-type";s:10:"image/jpeg";}s:14:"ryancv_247x170";a:4:{s:4:"file";s:20:"man5_big-247x170.jpg";s:5:"width";i:247;s:6:"height";i:170;s:9:"mime-type";s:10:"image/jpeg";}s:14:"ryancv_720x478";a:4:{s:4:"file";s:20:"man5_big-720x478.jpg";s:5:"width";i:720;s:6:"height";i:478;s:9:"mime-type";s:10:"image/jpeg";}}s:10:"image_meta";a:12:{s:8:"aperture";s:1:"0";s:6:"credit";s:0:"";s:6:"camera";s:0:"";s:7:"caption";s:0:"";s:17:"created_timestamp";s:1:"0";s:9:"copyright";s:0:"";s:12:"focal_length";s:1:"0";s:3:"iso";s:1:"0";s:13:"shutter_speed";s:1:"0";s:5:"title";s:0:"";s:11:"orientation";s:1:"0";s:8:"keywords";a:0:{}}}]]></wp:meta_value>
		</wp:postmeta>
	</item>
	<item>
		<title>bg</title>
		<link>https://ryan-demo.beshley.com/bg/</link>
		<pubDate>Mon, 19 Nov 2018 12:03:51 +0000</pubDate>
		<dc:creator><![CDATA[admin]]></dc:creator>
		<guid isPermaLink="false">https://ryan-demo.beshley.com/wp-content/uploads/2018/11/bg.jpg</guid>
		<description></description>
		<content:encoded><![CDATA[]]></content:encoded>
		<excerpt:encoded><![CDATA[]]></excerpt:encoded>
		<wp:post_id>166</wp:post_id>
		<wp:post_date><![CDATA[2018-11-19 12:03:51]]></wp:post_date>
		<wp:post_date_gmt><![CDATA[2018-11-19 12:03:51]]></wp:post_date_gmt>
		<wp:comment_status><![CDATA[open]]></wp:comment_status>
		<wp:ping_status><![CDATA[closed]]></wp:ping_status>
		<wp:post_name><![CDATA[bg]]></wp:post_name>
		<wp:status><![CDATA[inherit]]></wp:status>
		<wp:post_parent>0</wp:post_parent>
		<wp:menu_order>0</wp:menu_order>
		<wp:post_type><![CDATA[attachment]]></wp:post_type>
		<wp:post_password><![CDATA[]]></wp:post_password>
		<wp:is_sticky>0</wp:is_sticky>
		<wp:attachment_url><![CDATA[https://ryan-demo.beshley.com/wp-content/uploads/2018/11/bg.jpg]]></wp:attachment_url>
		<wp:postmeta>
			<wp:meta_key><![CDATA[_wp_attached_file]]></wp:meta_key>
			<wp:meta_value><![CDATA[2018/11/bg.jpg]]></wp:meta_value>
		</wp:postmeta>
		<wp:postmeta>
			<wp:meta_key><![CDATA[_wp_attachment_metadata]]></wp:meta_key>
			<wp:meta_value><![CDATA[a:5:{s:5:"width";i:1000;s:6:"height";i:680;s:4:"file";s:14:"2018/11/bg.jpg";s:5:"sizes";a:9:{s:9:"thumbnail";a:4:{s:4:"file";s:14:"bg-150x150.jpg";s:5:"width";i:150;s:6:"height";i:150;s:9:"mime-type";s:10:"image/jpeg";}s:6:"medium";a:4:{s:4:"file";s:14:"bg-300x204.jpg";s:5:"width";i:300;s:6:"height";i:204;s:9:"mime-type";s:10:"image/jpeg";}s:12:"medium_large";a:4:{s:4:"file";s:14:"bg-768x522.jpg";s:5:"width";i:768;s:6:"height";i:522;s:9:"mime-type";s:10:"image/jpeg";}s:12:"ryancv_92x92";a:4:{s:4:"file";s:12:"bg-92x92.jpg";s:5:"width";i:92;s:6:"height";i:92;s:9:"mime-type";s:10:"image/jpeg";}s:14:"ryancv_140x140";a:4:{s:4:"file";s:14:"bg-140x140.jpg";s:5:"width";i:140;s:6:"height";i:140;s:9:"mime-type";s:10:"image/jpeg";}s:14:"ryancv_600x450";a:4:{s:4:"file";s:14:"bg-600x450.jpg";s:5:"width";i:600;s:6:"height";i:450;s:9:"mime-type";s:10:"image/jpeg";}s:15:"ryancv_600xauto";a:4:{s:4:"file";s:14:"bg-600x680.jpg";s:5:"width";i:600;s:6:"height";i:680;s:9:"mime-type";s:10:"image/jpeg";}s:14:"ryancv_247x170";a:4:{s:4:"file";s:14:"bg-247x170.jpg";s:5:"width";i:247;s:6:"height";i:170;s:9:"mime-type";s:10:"image/jpeg";}s:14:"ryancv_720x478";a:4:{s:4:"file";s:14:"bg-720x478.jpg";s:5:"width";i:720;s:6:"height";i:478;s:9:"mime-type";s:10:"image/jpeg";}}s:10:"image_meta";a:12:{s:8:"aperture";s:1:"0";s:6:"credit";s:0:"";s:6:"camera";s:0:"";s:7:"caption";s:0:"";s:17:"created_timestamp";s:1:"0";s:9:"copyright";s:0:"";s:12:"focal_length";s:1:"0";s:3:"iso";s:1:"0";s:13:"shutter_speed";s:1:"0";s:5:"title";s:0:"";s:11:"orientation";s:1:"0";s:8:"keywords";a:0:{}}}]]></wp:meta_value>
		</wp:postmeta>
	</item>
	<item>
		<title>bg</title>
		<link>https://ryan-demo.beshley.com/bg-2/</link>
		<pubDate>Thu, 22 Nov 2018 12:25:17 +0000</pubDate>
		<dc:creator><![CDATA[admin]]></dc:creator>
		<guid isPermaLink="false">https://ryan-demo.beshley.com/wp-content/uploads/2018/11/bg-1.jpg</guid>
		<description></description>
		<content:encoded><![CDATA[]]></content:encoded>
		<excerpt:encoded><![CDATA[]]></excerpt:encoded>
		<wp:post_id>360</wp:post_id>
		<wp:post_date><![CDATA[2018-11-22 12:25:17]]></wp:post_date>
		<wp:post_date_gmt><![CDATA[2018-11-22 12:25:17]]></wp:post_date_gmt>
		<wp:comment_status><![CDATA[open]]></wp:comment_status>
		<wp:ping_status><![CDATA[closed]]></wp:ping_status>
		<wp:post_name><![CDATA[bg-2]]></wp:post_name>
		<wp:status><![CDATA[inherit]]></wp:status>
		<wp:post_parent>0</wp:post_parent>
		<wp:menu_order>0</wp:menu_order>
		<wp:post_type><![CDATA[attachment]]></wp:post_type>
		<wp:post_password><![CDATA[]]></wp:post_password>
		<wp:is_sticky>0</wp:is_sticky>
		<wp:attachment_url><![CDATA[https://ryan-demo.beshley.com/wp-content/uploads/2018/11/bg-1.jpg]]></wp:attachment_url>
		<wp:postmeta>
			<wp:meta_key><![CDATA[_wp_attached_file]]></wp:meta_key>
			<wp:meta_value><![CDATA[2018/11/bg-1.jpg]]></wp:meta_value>
		</wp:postmeta>
		<wp:postmeta>
			<wp:meta_key><![CDATA[_wp_attachment_metadata]]></wp:meta_key>
			<wp:meta_value><![CDATA[a:5:{s:5:"width";i:1920;s:6:"height";i:1280;s:4:"file";s:16:"2018/11/bg-1.jpg";s:5:"sizes";a:10:{s:9:"thumbnail";a:4:{s:4:"file";s:16:"bg-1-150x150.jpg";s:5:"width";i:150;s:6:"height";i:150;s:9:"mime-type";s:10:"image/jpeg";}s:6:"medium";a:4:{s:4:"file";s:16:"bg-1-300x200.jpg";s:5:"width";i:300;s:6:"height";i:200;s:9:"mime-type";s:10:"image/jpeg";}s:12:"medium_large";a:4:{s:4:"file";s:16:"bg-1-768x512.jpg";s:5:"width";i:768;s:6:"height";i:512;s:9:"mime-type";s:10:"image/jpeg";}s:5:"large";a:4:{s:4:"file";s:17:"bg-1-1024x683.jpg";s:5:"width";i:1024;s:6:"height";i:683;s:9:"mime-type";s:10:"image/jpeg";}s:12:"ryancv_92x92";a:4:{s:4:"file";s:14:"bg-1-92x92.jpg";s:5:"width";i:92;s:6:"height";i:92;s:9:"mime-type";s:10:"image/jpeg";}s:14:"ryancv_140x140";a:4:{s:4:"file";s:16:"bg-1-140x140.jpg";s:5:"width";i:140;s:6:"height";i:140;s:9:"mime-type";s:10:"image/jpeg";}s:14:"ryancv_600x450";a:4:{s:4:"file";s:16:"bg-1-600x450.jpg";s:5:"width";i:600;s:6:"height";i:450;s:9:"mime-type";s:10:"image/jpeg";}s:15:"ryancv_600xauto";a:4:{s:4:"file";s:17:"bg-1-600x1280.jpg";s:5:"width";i:600;s:6:"height";i:1280;s:9:"mime-type";s:10:"image/jpeg";}s:14:"ryancv_590x330";a:4:{s:4:"file";s:16:"bg-1-590x330.jpg";s:5:"width";i:590;s:6:"height";i:330;s:9:"mime-type";s:10:"image/jpeg";}s:14:"ryancv_720x478";a:4:{s:4:"file";s:16:"bg-1-720x478.jpg";s:5:"width";i:720;s:6:"height";i:478;s:9:"mime-type";s:10:"image/jpeg";}}s:10:"image_meta";a:12:{s:8:"aperture";s:1:"0";s:6:"credit";s:0:"";s:6:"camera";s:0:"";s:7:"caption";s:0:"";s:17:"created_timestamp";s:1:"0";s:9:"copyright";s:0:"";s:12:"focal_length";s:1:"0";s:3:"iso";s:1:"0";s:13:"shutter_speed";s:1:"0";s:5:"title";s:0:"";s:11:"orientation";s:1:"0";s:8:"keywords";a:0:{}}}]]></wp:meta_value>
		</wp:postmeta>
	</item>
	<item>
		<title>Home</title>
		<link>https://ryan-demo.beshley.com/</link>
		<pubDate>Fri, 16 Nov 2018 16:02:25 +0000</pubDate>
		<dc:creator><![CDATA[admin]]></dc:creator>
		<guid isPermaLink="false">https://ryan-demo.beshley.com/?page_id=17</guid>
		<description></description>
		<content:encoded><![CDATA[]]></content:encoded>
		<excerpt:encoded><![CDATA[]]></excerpt:encoded>
		<wp:post_id>17</wp:post_id>
		<wp:post_date><![CDATA[2018-11-16 16:02:25]]></wp:post_date>
		<wp:post_date_gmt><![CDATA[2018-11-16 16:02:25]]></wp:post_date_gmt>
		<wp:comment_status><![CDATA[closed]]></wp:comment_status>
		<wp:ping_status><![CDATA[closed]]></wp:ping_status>
		<wp:post_name><![CDATA[home]]></wp:post_name>
		<wp:status><![CDATA[publish]]></wp:status>
		<wp:post_parent>0</wp:post_parent>
		<wp:menu_order>0</wp:menu_order>
		<wp:post_type><![CDATA[page]]></wp:post_type>
		<wp:post_password><![CDATA[]]></wp:post_password>
		<wp:is_sticky>0</wp:is_sticky>
		<wp:postmeta>
			<wp:meta_key><![CDATA[_edit_last]]></wp:meta_key>
			<wp:meta_value><![CDATA[1]]></wp:meta_value>
		</wp:postmeta>
	</item>

</channel>
</rss>
